empno,ename,salary,email
1,Bobbie,39846,bbeesley0@tripadvisor.com
2,Carlee,68300,cmottley1@ebay.com
3,Dian,89607,dadran2@phoca.cz
4,Aviva,74804,acapozzi3@cisco.com
5,Brinn,35997,bmanshaw4@geocities.com
6,Arlan,28652,acruxton5@barnesandnoble.com
7,Fairlie,46574,fbahls6@pinterest.com
8,Niles,70740,nkaygill7@yandex.ru
9,Saidee,55599,sbillingsly8@sitemeter.com
10,Ibby,62924,iflahy9@indiegogo.com
11,Shae,15377,slowtena@godaddy.com
12,Nil,52263,ndinisb@fastcompany.com
13,Madelena,87000,mdosdalec@yellowpages.com
14,Gabey,51678,gehlerdingd@webnode.com
15,Cindi,44443,cspringe@google.pl
16,Regen,64972,rfurtadof@furl.net
17,Kerry,22674,kleveyg@psu.edu
18,Marlie,56300,mismayh@prlog.org
19,Leoline,69199,lweildishi@sun.com
20,Ailina,86569,aquirkej@last.fm
21,Olivier,51167,olowink@e-recht24.de
22,Duncan,79205,dcranagel@aboutads.info
23,Brice,78600,bsammonsm@multiply.com
24,Laureen,38034,lbruinsn@alexa.com
25,Jaquenette,95046,jmckeurtono@lycos.com
26,Livvy,84349,lalennikovp@bravesites.com
27,Liz,15579,llimonq@odnoklassniki.ru
28,Ambrosius,54946,aabbayr@nbcnews.com
29,Crosby,81194,cclethros@stumbleupon.com
30,Hasty,31112,hduffieldt@redcross.org
31,Bank,62806,btabourieru@domainmarket.com
32,Janek,71308,jdenkv@springer.com
33,Lindsy,80835,lbuickw@bloglovin.com
34,Genni,29673,gbaux@behance.net
35,Audrie,59295,amorgansy@geocities.jp
36,Ashien,66959,agahaganz@vimeo.com
37,Jayson,19611,jsoutar10@tinyurl.com
38,Sydney,89249,sgingle11@upenn.edu
39,Devy,44935,dwenman12@blogtalkradio.com
40,Anastasia,70115,abenet13@mozilla.org
41,Arda,66742,atimby14@redcross.org
42,Say,95901,smollitt15@mashable.com
43,Pavla,44695,psprade16@wikispaces.com
44,Iolanthe,48755,imaccaughey17@goo.gl
45,Dre,22960,dcolledge18@geocities.jp
46,Rowe,62859,rsherlaw19@wsj.com
47,Gabe,79039,ggabbitas1a@deliciousdays.com
48,Paten,72331,pcranna1b@xrea.com
49,Benedikta,96406,bkorn1c@nature.com
50,Rodolph,84669,rprester1d@youtu.be
51,Modesty,25319,mcheltnam1e@economist.com
52,Rosabella,20971,rdurgan1f@hexun.com
53,Maggee,19093,mgateley1g@shareasale.com
54,Annaliese,73902,atozer1h@ebay.com
55,Rozanne,54040,rkalinsky1i@wisc.edu
56,Launce,85343,lbarchrameev1j@google.com
57,Thor,46809,tgrindall1k@paginegialle.it
58,Brodie,78105,bscowcraft1l@example.com
59,Ardine,58561,akleinerman1m@bloomberg.com
60,Valentijn,17859,vsissland1n@disqus.com
61,Lorita,76776,llander1o@wiley.com
62,Merrily,71336,mstockman1p@nih.gov
63,Boycie,52564,bsaylor1q@smh.com.au
64,Page,59250,psimonini1r@cloudflare.com
65,Tallia,82036,tswait1s@istockphoto.com
66,Julie,90129,jmcilwraith1t@godaddy.com
67,June,80239,jbaptie1u@aboutads.info
68,Modesta,51839,mvoller1v@unicef.org
69,Benjamen,85855,bbruhn1w@seesaa.net
70,Binnie,73108,bsnazel1x@dmoz.org
71,Clint,41296,clouw1y@cocolog-nifty.com
72,Godfrey,70366,gsherreard1z@bloomberg.com
73,Sally,66449,scolquete20@printfriendly.com
74,Ardith,54616,amaciocia21@fda.gov
75,Case,25664,ccomellini22@barnesandnoble.com
76,Ella,a,ebithany23@comsenz.com
77,Ode,16676,ojambrozek24@prnewswire.com
78,Randolf,84906,rrottery25@linkedin.com
79,Elnora,84424,efysh26@360.cn
80,Alexa,62662,amacartney27@amazon.co.jp
81,Temple,90050,tbrignall28@phpbb.com
82,Jaymie,41218,jandriolli29@ovh.net
83,Oberon,59706,ogilbanks2a@msn.com
84,Keene,49612,kboerderman2b@deviantart.com
85,Anna,84174,agunthorpe2c@cmu.edu
86,Paxton,88355,pgrieves2d@nymag.com
87,Sibella,17712,sbourgourd2e@ovh.net
88,Anallese,74928,atomovic2f@google.pl
89,Ariadne,64343,amatticci2g@soundcloud.com
90,Johnath,46597,jburborough2h@mit.edu
91,Maxi,17316,mgoodoune2i@wix.com
92,Lesley,80574,leliez2j@nationalgeographic.com
93,Rinaldo,88428,rbeasley2k@google.com
94,Elinor,50806,ecrutcher2l@un.org
95,Dayle,22868,dhaughey2m@shutterfly.com
96,Ginevra,46327,glegall2n@ocn.ne.jp
97,Gardie,15427,gmoland2o@dropbox.com
98,Hubert,79008,hsellstrom2p@deliciousdays.com
99,Darryl,20902,dpurchase2q@delicious.com
100,Tamar,96271,thawkett2r@delicious.com
101,Prentiss,28553,pglassman2s@php.net
102,Chancey,46901,cbree2t@dropbox.com
103,Jaymie,51522,jjaine2u@over-blog.com
104,Sid,22305,semps2v@privacy.gov.au
105,Lemmie,39543,lorbell2w@github.com
106,Christen,85795,cbendall2x@twitter.com
107,Biddie,94137,bhayhow2y@smh.com.au
108,Gerry,26912,gdoale2z@moonfruit.com
109,Adrianna,21569,agyngyll30@mashable.com
110,Emmaline,95903,eantonescu31@people.com.cn
111,Bernie,63923,bdundin32@fc2.com
112,Luci,56560,lfawbert33@rakuten.co.jp
113,Theresina,43916,thallstone34@tuttocitta.it
114,Sabine,60141,sdomoni35@noaa.gov
115,Virge,60752,varnhold36@bbb.org
116,Sissy,53705,sgoodbourn37@yolasite.com
117,Adelind,62838,atearney38@sitemeter.com
118,Nettie,37252,nchesley39@ucsd.edu
119,Marnie,82488,msargeant3a@webnode.com
120,Gretel,33789,gwoffinden3b@soup.io
121,Nadia,80451,nbindley3c@virginia.edu
122,Mela,55253,mgolley3d@hubpages.com
123,Amerigo,56768,avercruysse3e@samsung.com
124,Cornelle,42123,callport3f@ca.gov
125,Winston,36770,wpatton3g@redcross.org
126,Shaun,89298,sgresswell3h@apache.org
127,Dagmar,46473,dlobley3i@gravatar.com
128,Bobbee,43397,bbraunter3j@dyndns.org
129,Penni,89552,pingram3k@pagesperso-orange.fr
130,Olva,16964,ovina3l@bizjournals.com
131,Rodina,22343,rleng3m@networkadvertising.org
132,Judie,79936,jbowker3n@ebay.com
133,Alexi,80976,agibbon3o@wordpress.com
134,Lorianna,71790,ldear3p@hexun.com
135,Katleen,80784,kshute3q@time.com
136,Sioux,93331,salbisser3r@dailymotion.com
137,Milissent,76385,msupple3s@hubpages.com
138,Tedi,55602,thuthart3t@yandex.ru
139,Petrina,83578,pstredwick3u@bbc.co.uk
140,Sonnie,56779,sburriss3v@wix.com
141,Tim,61694,togelsby3w@clickbank.net
142,Tory,53684,tquinnet3x@tinyurl.com
143,Remy,97747,rwager3y@posterous.com
144,Nell,43677,nmerrington3z@marketwatch.com
145,Duke,86731,dmaraga40@nyu.edu
146,Heywood,24891,hwetherell41@cbc.ca
147,Nolan,66190,nspofford42@plala.or.jp
148,Frayda,28491,ffante43@wired.com
149,Crista,32489,cwibrew44@dagondesign.com
150,Enrichetta,65828,edoyley45@symantec.com
151,Nicky,94346,nhartin46@alibaba.com
152,Elsy,36542,ebrizell47@google.it
153,Noellyn,70471,nlawrey48@theguardian.com
154,Blisse,79016,bdantesia49@stanford.edu
155,Karoly,77323,kernshaw4a@livejournal.com
156,Micky,39020,mwisdish4b@utexas.edu
157,Enoch,64845,esarton4c@csmonitor.com
158,Rebeca,71208,rbranney4d@hibu.com
159,Melany,47218,mmchugh4e@oracle.com
160,Danit,68642,dbeldum4f@smh.com.au
161,Nanon,27283,nrushman4g@multiply.com
162,Aldridge,66731,awarlow4h@prlog.org
163,Cary,36840,cwearne4i@issuu.com
164,Alisander,19521,ahearst4j@sohu.com
165,Brett,46481,bstanes4k@myspace.com
166,Chery,89244,csibson4l@t.co
167,Shea,58314,slivesey4m@usnews.com
168,Saxe,99975,sboram4n@loc.gov
169,Martie,64096,mgillogley4o@columbia.edu
170,Livy,72339,lpycock4p@eventbrite.com
171,Russ,62066,rhaigh4q@youku.com
172,Joyous,92066,jdrydale4r@ucoz.com
173,Penn,86421,pbelding4s@spiegel.de
174,Cathi,16152,cemburey4t@salon.com
175,Nate,92912,nfosten4u@tumblr.com
176,Jon,62006,jdyble4v@sciencedirect.com
177,Barbi,38506,bmaleby4w@squidoo.com
178,Rozanne,73513,rsyddon4x@cnn.com
179,Rees,34632,rvoelker4y@webnode.com
180,Clare,66526,clengthorn4z@opera.com
181,Ursulina,80628,udooly50@bluehost.com
182,Wilmar,89809,wstandell51@unesco.org
183,Rosene,50780,rsmaling52@e-recht24.de
184,Tiff,46285,tagdahl53@gravatar.com
185,Alvan,54432,awaddington54@bloomberg.com
186,Mellicent,62689,mmapledorum55@theglobeandmail.com
187,Garold,62748,gcourtenay56@wsj.com
188,Ernesta,78724,echastel57@hc360.com
189,Clemmie,49503,ckunzelmann58@answers.com
190,Bunni,63243,bgamil59@adobe.com
191,Nathanial,97345,nflasby5a@odnoklassniki.ru
192,Roland,53344,rrumming5b@shutterfly.com
193,Gerta,66292,gfrensche5c@cnet.com
194,Garold,86713,gstanborough5d@nature.com
195,Amos,42853,ageeson5e@slideshare.net
196,Alli,87672,aharberer5f@diigo.com
197,Foss,15236,fshakelady5g@behance.net
198,Ema,87437,epatman5h@wordpress.com
199,Lowe,55905,ldeighton5i@ezinearticles.com
200,Bennie,49857,bbirdseye5j@imgur.com
201,Galvan,27351,groubay5k@discovery.com
202,Normy,28677,nduer5l@i2i.jp
203,Rosita,15416,rleaton5m@google.cn
204,Glynis,74423,gmatitiaho5n@mac.com
205,Gar,84196,grackam5o@washington.edu
206,Rey,49530,rricco5p@slate.com
207,Gaye,41664,gprandi5q@purevolume.com
208,Gabriello,41456,gcain5r@creativecommons.org
209,Herman,23847,hashbee5s@usa.gov
210,Vittorio,54063,vkeemar5t@ucoz.com
211,Lazar,27988,ltucknutt5u@vkontakte.ru
212,Janis,32287,jtirte5v@vistaprint.com
213,Sloane,83823,scockley5w@newyorker.com
214,Kathy,30551,kasken5x@purevolume.com
215,Joscelin,82657,jgurry5y@timesonline.co.uk
216,Clint,48208,cpurnell5z@twitpic.com
217,Timotheus,84085,tfallen60@europa.eu
218,Ronnie,32541,rpaolinelli61@narod.ru
219,Devon,93005,dsingyard62@opensource.org
220,Benedicto,19052,bmickelwright63@edublogs.org
221,Edyth,87223,ehabbert64@cam.ac.uk
222,Mick,71895,mbrickwood65@technorati.com
223,Joellen,92886,jclaris66@marriott.com
224,Melamie,34570,mcumberpatch67@go.com
225,Mallissa,26295,mlambert68@ocn.ne.jp
226,Andrea,63797,aaysh69@virginia.edu
227,Tannie,64039,tlyddiatt6a@canalblog.com
228,Debee,47859,dhellewell6b@paypal.com
229,Jammie,33279,jjozwicki6c@woothemes.com
230,Krystal,73989,kmccomb6d@discuz.net
231,Antonino,34013,adeveral6e@artisteer.com
232,Gerrard,97704,gbolsover6f@multiply.com
233,Wallis,62085,wfeares6g@time.com
234,Pennie,90884,ppridham6h@google.es
235,Billye,78409,bbrisset6i@uiuc.edu
236,Gweneth,16715,gbenneton6j@friendfeed.com
237,Joela,62946,jbrendel6k@un.org
238,Justus,95111,jpenhalewick6l@technorati.com
239,Elianora,46689,emaginn6m@dailymotion.com
240,Tatum,45472,tgodfree6n@yelp.com
241,Benoit,73703,bdickon6o@ovh.net
242,Greer,84143,glowmass6p@dagondesign.com
243,Sebastien,43005,sdaveley6q@nature.com
244,Artemis,79995,asurridge6r@cbc.ca
245,Will,28934,wvaugham6s@china.com.cn
246,Marika,35533,mkoopman6t@examiner.com
247,Jewell,79121,jbuckston6u@fastcompany.com
248,Ally,28668,aturfus6v@gnu.org
249,Clem,37615,clindelof6w@wikia.com
250,Ileana,24298,iepiscopio6x@netlog.com
251,Dorothy,28318,dkrinks6y@hibu.com
252,Garvy,54215,gbartlomiej6z@aol.com
253,Gualterio,65494,gfateley70@nature.com
254,Jobye,69802,jdownton71@hc360.com
255,Xerxes,34819,xdemanuele72@mashable.com
256,Ora,15690,obrookson73@army.mil
257,Leeland,26710,lashness74@home.pl
258,Whitaker,69870,wmonard75@seattletimes.com
259,Garnette,83377,gyuryichev76@amazon.co.jp
260,Troy,46807,tchorlton77@4shared.com
261,Johnathan,52948,jsallter78@behance.net
262,Rae,68949,rburtwhistle79@nifty.com
263,Lavinie,41835,lsailor7a@last.fm
264,Cathleen,77334,cmollene7b@exblog.jp
265,Cal,88241,cclimpson7c@ycombinator.com
266,Oliviero,42702,ospurge7d@wp.com
267,Wells,86074,wrumbelow7e@nytimes.com
268,Maurie,21590,mdodgshun7f@go.com
269,Gladi,42405,gchettle7g@google.ca
270,Dacy,82180,dtowse7h@netscape.com
271,Maridel,22690,mstroud7i@latimes.com
272,Mikey,48124,msalazar7j@netscape.com
273,Natale,72440,nlow7k@chron.com
274,Patsy,95674,ppetford7l@hud.gov
275,Lucio,67547,ltroubridge7m@wired.com
276,Yancey,50379,ybrabin7n@blogger.com
277,Beryle,66480,blouca7o@cisco.com
278,Frieda,44503,fscutching7p@timesonline.co.uk
279,Leyla,64899,longin7q@answers.com
280,Erhard,72579,ephilcott7r@shutterfly.com
281,Revkah,72323,rmeasey7s@nytimes.com
282,Doralynne,68870,dlondsdale7t@blog.com
283,Judie,47784,jcorteis7u@yellowbook.com
284,Rhea,51627,rsansom7v@domainmarket.com
285,Herbert,63359,hrhymer7w@parallels.com
286,Estelle,35571,epunyer7x@cdbaby.com
287,Josie,79639,jpero7y@free.fr
288,Bran,25011,bclimie7z@opera.com
289,Cele,82360,cschwanden80@sphinn.com
290,Massimiliano,61095,mjoskovitch81@nhs.uk
291,Berthe,75969,bsealy82@wsj.com
292,Erasmus,68712,eoag83@gov.uk
293,Dani,22046,dcleaveland84@google.com
294,Elvis,68152,emarkos85@nps.gov
295,Lazaro,64182,lbrightie86@123-reg.co.uk
296,Gael,46839,ggaspar87@flavors.me
297,Sam,33938,sslewcock88@weather.com
298,Tobias,56743,tcoleborn89@sitemeter.com
299,Margalo,99251,mjacquest8a@cam.ac.uk
300,Tania,95918,tkittley8b@desdev.cn
301,Michaeline,40367,mobern8c@ted.com
302,Joseph,20831,jbeynkn8d@msu.edu
303,Donaugh,46158,devennett8e@geocities.com
304,Maryjane,71508,molpin8f@eventbrite.com
305,Eric,45399,etomasello8g@ibm.com
306,Corinne,82467,cgiraldo8h@state.gov
307,Rosabelle,86266,rlinstead8i@state.gov
308,Elnar,72803,ehegg8j@pen.io
309,Gibbie,64703,gbruff8k@arizona.edu
310,Rozamond,99284,rcraigie8l@twitpic.com
311,Mortimer,35473,mlathy8m@sfgate.com
312,Dianna,99610,dabramovic8n@biblegateway.com
313,Reggis,70979,rmattheissen8o@msu.edu
314,Godfry,15671,gshattock8p@tinyurl.com
315,Yankee,46188,ylaphorn8q@printfriendly.com
316,Willdon,40484,wpert8r@columbia.edu
317,Edgard,36099,esimukov8s@ebay.co.uk
318,Kip,38846,kballinger8t@virginia.edu
319,Merwin,62036,mfolker8u@ebay.co.uk
320,Niels,88380,nbarrass8v@themeforest.net
321,Bernice,93501,bwiltshire8w@gmpg.org
322,Carlota,22570,cmedmore8x@hibu.com
323,Angelique,21299,ajudgkins8y@newsvine.com
324,Natal,55935,nallridge8z@hc360.com
325,Graeme,97853,gjupp90@mit.edu
326,Kikelia,55180,kkimmince91@utexas.edu
327,Shep,69570,slarcombe92@loc.gov
328,Sylas,59280,shambrook93@tiny.cc
329,Andie,55258,agehricke94@google.com.hk
330,Ermengarde,84200,eseignior95@ustream.tv
331,Egbert,60636,emacdowal96@omniture.com
332,Mikol,45283,mcumbes97@theatlantic.com
333,Carola,43956,cyegorev98@soup.io
334,Jere,34521,jibberson99@indiegogo.com
335,Tedda,38258,tjahn9a@nydailynews.com
336,Hugo,45731,hvida9b@dropbox.com
337,Hoyt,85574,hsnare9c@mail.ru
338,Ryley,64346,rspira9d@kickstarter.com
339,Val,45610,vnorthill9e@umn.edu
340,Brynn,98887,balentyev9f@state.gov
341,Nathalie,88450,ncroxon9g@whitehouse.gov
342,Ulrica,73900,umasarrat9h@phpbb.com
343,Ardis,80431,aduncan9i@gravatar.com
344,Pattin,40505,psennett9j@fotki.com
345,Betsy,64966,bdanielovitch9k@amazon.com
346,Langsdon,25530,lsadat9l@mit.edu
347,Gualterio,37395,gteale9m@imdb.com
348,Madelaine,44674,mborzone9n@exblog.jp
349,Celisse,40768,cbickersteth9o@issuu.com
350,Tucker,47926,tstracey9p@topsy.com
351,Juieta,21004,jpaine9q@scientificamerican.com
352,Rabi,39306,rjacquet9r@usatoday.com
353,Alisa,50410,adewicke9s@wix.com
354,Dixie,90712,ddeignan9t@deviantart.com
355,Abe,69746,aoscanlan9u@xinhuanet.com
356,Mollee,49808,mfeeley9v@domainmarket.com
357,Budd,71034,bbarrett9w@chicagotribune.com
358,Kelbee,49392,kspirritt9x@webeden.co.uk
359,Randy,23660,rhendonson9y@slideshare.net
360,Ilise,83104,iriccardi9z@xrea.com
361,Bard,40740,bginnella0@answers.com
362,Lory,53562,lsevena1@squarespace.com
363,Calida,92391,ccharda2@4shared.com
364,Janet,56294,jguilea3@altervista.org
365,Simona,50539,salbina4@about.com
366,Ozzy,40559,obindleya5@bigcartel.com
367,Davon,45012,dbarzena6@admin.ch
368,Nero,44200,nliptroda7@eepurl.com
369,Homere,16876,hmcpakea8@imageshack.us
370,Andre,64793,apoilea9@cyberchimps.com
371,Shela,63128,ssterndaleaa@go.com
372,Mara,40287,mgoodeab@fc2.com
373,Harley,83680,hghelardiac@scientificamerican.com
374,Claretta,87149,cniccollsad@dion.ne.jp
375,Buck,97274,bdebrickae@bravesites.com
376,Rourke,92254,rdornaf@archive.org
377,Lorrie,47768,lgarmag@businessweek.com
378,Bayard,20296,bduggetah@upenn.edu
379,Gayler,25309,gcherringtonai@buzzfeed.com
380,Giulia,85613,ghydechambersaj@cnn.com
381,Wilbert,30592,wseawellak@tumblr.com
382,Seana,36481,sthorouggoodal@ifeng.com
383,Kittie,34494,kalywinam@toplist.cz
384,Brandtr,72632,bconwayan@elpais.com
385,James,50308,jouldcottao@nytimes.com
386,Bessy,40472,bromaniniap@cyberchimps.com
387,Demetris,91201,dbritneyaq@bloglines.com
388,Napoleon,80862,ncelizar@usda.gov
389,Kassie,87941,kshermaras@imageshack.us
390,Kordula,75184,ksweetloveat@redcross.org
391,Leonard,40858,llivingstoneau@altervista.org
392,Yorker,46902,ymilleaav@microsoft.com
393,Menard,55723,mmyderscoughaw@deliciousdays.com
394,Gerda,87724,gcurnerax@cnn.com
395,Randy,84194,rdudsonay@dmoz.org
396,Kelcie,22208,khrishchenkoaz@mashable.com
397,Britney,99988,bneevesb0@pcworld.com
398,Jimmie,58693,jscotcherb1@miibeian.gov.cn
399,Alfred,71850,arogisterb2@bizjournals.com
400,Arte,72596,agowdyb3@simplemachines.org
401,Kimble,93283,kmillbergb4@php.net
402,Adore,90777,acrawshawb5@google.com.au
403,Iolande,94554,ibrillemanb6@amazonaws.com
404,Nickola,20891,ncoshb7@marriott.com
405,Findley,75770,fwoodageb8@fc2.com
406,Desmund,30537,dmockettb9@cloudflare.com
407,Kelcy,50329,klavarackba@ezinearticles.com
408,Jimmy,15925,javeybb@shop-pro.jp
409,Odessa,73857,oalbanbc@hp.com
410,Tansy,25419,todooganbd@slashdot.org
411,Diannne,69422,dpalabe@storify.com
412,Benjie,32963,bmcquillanbf@oracle.com
413,Cherye,20911,ctethacotbg@xinhuanet.com
414,Minny,26197,mwintlebh@nyu.edu
415,Christyna,56992,ckillfordbi@npr.org
416,Bary,39205,bduckbj@addtoany.com
417,Milty,86670,mepinebk@themeforest.net
418,Farlay,78396,fguitonbl@facebook.com
419,Brannon,44840,bmcelroybm@people.com.cn
420,Datha,66825,dcowinsbn@census.gov
421,Emanuel,25753,egrisewoodbo@sun.com
422,Kimmie,94311,kmatthewmanbp@geocities.jp
423,Maxy,26507,mboagbq@blogger.com
424,Merell,90177,mlarmorbr@spiegel.de
425,Amalia,94772,aambroisinbs@businessweek.com
426,Lyn,51999,lphilipotbt@reverbnation.com
427,Mallissa,58416,maleshintsevbu@weibo.com
428,Meredith,31548,melvidgebv@xing.com
429,Darrell,33679,dsharvillebw@answers.com
430,Audry,44867,akubanekbx@reuters.com
431,Ron,92385,rdarwoodby@springer.com
432,Denney,96355,dmcparlinbz@ucoz.ru
433,Cheston,17232,cenglefieldc0@mail.ru
434,Ramon,92574,rdowsonc1@purevolume.com
435,Andrea,26758,aboardmanc2@jimdo.com
436,Asher,66455,aharversonc3@spotify.com
437,Alyssa,53322,asymcoxec4@miibeian.gov.cn
438,Butch,85532,bcantonc5@shinystat.com
439,Dulcea,84697,dhamblync6@adobe.com
440,Marijn,51828,mbelfeltc7@buzzfeed.com
441,Ignazio,76843,ibolamc8@booking.com
442,Alphonso,37753,awhifenc9@freewebs.com
443,Elise,45749,espoureca@archive.org
444,Gregor,93096,gbrydsoncb@army.mil
445,Gelya,67073,gnewsomecc@xinhuanet.com
446,Ivett,99811,ihedworthcd@amazon.com
447,Sylas,29989,sgoldupce@ow.ly
448,Trev,97083,tkilpincf@businessweek.com
449,Megan,70445,mloinescg@patch.com
450,Ellissa,87923,ekermannesch@yellowpages.com
451,Bethina,30548,bhellenci@desdev.cn
452,Frasco,25686,fcraftcj@youtube.com
453,Gaby,42302,ggerkensck@toplist.cz
454,Stafford,46026,srillattcl@npr.org
455,Madelena,85972,mdowcm@psu.edu
456,Vincent,83300,vharringtoncn@theglobeandmail.com
457,Neile,76567,nduckettco@admin.ch
458,Milissent,30881,mhamblyncp@theglobeandmail.com
459,Willy,76731,wkohrdingcq@bigcartel.com
460,Job,67828,jnesbitcr@blogtalkradio.com
461,Raff,91171,rbowencs@google.co.jp
462,Juieta,17686,jharteganct@google.co.uk
463,Barrie,19826,bszimoncu@aol.com
464,Raychel,64402,rhovercv@ca.gov
465,Danya,57214,ddilletcw@chicagotribune.com
466,Blithe,63250,brafterycx@purevolume.com
467,Emlyn,87263,eswiggcy@intel.com
468,Keslie,89245,kgenikecz@tinypic.com
469,Yehudit,29567,yrymelld0@google.it
470,Melesa,28678,msimperd1@indiatimes.com
471,Alla,47047,astrewthersd2@pen.io
472,Meryl,38723,mrudalld3@histats.com
473,Carlynn,20216,cbubbinsd4@jalbum.net
474,Giffy,80024,gtulleyd5@tripadvisor.com
475,Loutitia,20347,lchallenord6@mediafire.com
476,Cleve,48640,crennoldsd7@purevolume.com
477,Dew,99265,dfinlaterd8@epa.gov
478,Adeline,72689,agowerd9@arstechnica.com
479,Winfield,17319,wgribbinsda@nationalgeographic.com
480,Yolanda,89036,yjanickidb@nymag.com
481,Rosemarie,99484,rabramzondc@tinypic.com
482,Goober,20009,gdesantisdd@ebay.com
483,Waylin,35228,wguerrierode@usatoday.com
484,Louisette,21347,lhogbendf@engadget.com
485,Rickey,31006,rbrenarddg@ucoz.ru
486,Allyce,65189,ablankmandh@opera.com
487,Reube,69927,rgreschikdi@marketwatch.com
488,Finley,15506,frenoldj@nymag.com
489,Adrien,33303,aperkinsdk@deviantart.com
490,Tally,24327,twincedl@wired.com
491,Denice,25596,ddupreydm@hp.com
492,Ronnica,21524,rnorthdn@tmall.com
493,Far,83896,fmagogdo@t-online.de
494,Barde,20551,bpierrodp@goodreads.com
495,Ivan,71212,izealedq@nbcnews.com
496,Jolee,49575,jzoanedr@bravesites.com
497,Daniel,33483,dmcquillinds@google.it
498,Barbe,63941,btrengrousedt@phoca.cz
499,Seth,87584,sadamovskydu@scientificamerican.com
500,Kira,52264,kdiwelldv@shinystat.com
